SerialNumber,Type,Model,TowingCapacity
30425,Hybrid,M-14,63
16105,Diesel,I-16,43
46481,Hybrid,J-14,58
12610,Hybrid,F-10,50
21062,Diesel,D-11,73
31466,Diesel,N-17,91
46120,Hybrid,D-16,42
46909,Diesel,O-20,37
13652,Diesel,B-12,37
17365,Diesel,I-13,67
11160,Electric,P-19,83
27059,Diesel,K-14,99
15306,Hybrid,N-14,99
20075,Diesel,O-11,34
38263,Diesel,N-20,62
38712,Diesel,N-10,17
27230,Diesel,B-20,21
46327,Hybrid,J-12,49
45140,Diesel,H-16,39
31516,Hybrid,P-14,34
17064,Electric,E-13,57
12654,Hybrid,H-11,60
16928,Diesel,O-14,14
30396,Hybrid,G-19,31
27156,Hybrid,F-14,39
21846,Electric,O-19,58
36527,Hybrid,P-16,27
19458,Hybrid,P-19,99
14680,Diesel,E-20,91
14091,Diesel,C-20,31
12679,Diesel,A-11,26
23648,Diesel,G-17,66
36708,Electric,N-14,36
10532,Hybrid,M-16,66
38131,Hybrid,F-11,87
16986,Hybrid,I-16,47
29048,Hybrid,N-20,12
38604,Electric,L-16,26
15449,Diesel,D-10,29
46971,Hybrid,A-16,26
37146,Hybrid,N-14,59
40502,Electric,P-19,13
10145,Hybrid,C-15,75
43197,Hybrid,H-17,54
43331,Electric,F-19,79
22686,Hybrid,K-12,93
46378,Electric,P-16,85
18895,Electric,M-14,80
32835,Diesel,F-17,95
38425,Electric,O-16,78
22487,Hybrid,P-10,77
46876,Diesel,P-12,40
42284,Electric,G-15,45
17655,Electric,B-19,62
38998,Diesel,O-17,58
41569,Diesel,E-14,29
11888,Hybrid,M-15,29
16267,Hybrid,L-11,47
24998,Diesel,L-16,57
43892,Diesel,B-19,40
15421,Electric,I-12,18
35583,Diesel,L-20,75
42611,Diesel,K-16,17
19294,Electric,H-12,72
19664,Electric,O-20,43
22172,Hybrid,A-11,81
45784,Electric,F-10,15
12534,Diesel,K-18,40
19167,Electric,G-11,54
39207,Hybrid,B-19,69
36356,Electric,K-12,37
20530,Electric,L-13,82
22542,Diesel,D-16,82
20120,Electric,F-13,83
36132,Diesel,D-19,93
31162,Electric,A-15,64
14817,Hybrid,B-16,84
21714,Electric,O-19,28
13263,Hybrid,O-11,22
16350,Hybrid,B-16,22
44755,Electric,A-20,31
34889,Hybrid,E-18,27
11581,Hybrid,G-14,25
48973,Diesel,H-18,90
26224,Diesel,A-17,79
15869,Electric,A-11,46
34708,Hybrid,I-19,45
23800,Diesel,B-13,90
29775,Electric,A-15,24
38127,Hybrid,G-10,96
25627,Diesel,P-12,46
30792,Hybrid,F-17,75
29477,Diesel,F-14,53
27358,Diesel,L-12,90
13492,Hybrid,I-11,34
18363,Electric,K-17,69
46797,Diesel,P-15,81
11383,Hybrid,M-15,71
38053,Hybrid,F-16,60
31094,Hybrid,A-16,70
44195,Diesel,P-13,65
27321,Hybrid,O-12,94
36817,Electric,B-10,43
35874,Electric,D-17,28
47978,Electric,A-16,56
36124,Electric,L-14,73
28050,Hybrid,I-16,63
42539,Electric,F-14,68
21203,Hybrid,M-20,17
41997,Diesel,L-15,41
35637,Diesel,N-18,26
11620,Hybrid,G-13,66
13760,Hybrid,B-18,82
41063,Diesel,I-10,17
47993,Hybrid,H-18,23
19681,Hybrid,K-13,17
28438,Hybrid,J-15,46
17949,Diesel,H-18,74
21532,Diesel,P-18,61
32529,Diesel,O-16,81
31618,Hybrid,J-14,53
23426,Hybrid,E-12,81
37983,Hybrid,N-20,96
41682,Diesel,J-13,12
19699,Hybrid,J-12,100
26734,Diesel,J-13,94
29436,Diesel,J-13,32
40322,Electric,F-16,38
47341,Hybrid,F-16,91
45248,Electric,B-14,58
19865,Hybrid,P-10,45
28355,Diesel,H-12,74
45676,Diesel,B-14,94
40154,Electric,J-10,94
18103,Diesel,P-14,21
18577,Electric,G-12,100
26270,Hybrid,P-12,76
42454,Electric,E-12,72
13031,Electric,G-19,11
20793,Hybrid,E-17,14
49117,Hybrid,F-16,89
17480,Diesel,G-10,73
34598,Diesel,F-15,38
48061,Diesel,J-14,73
44616,Hybrid,M-10,24
26036,Hybrid,L-13,61
26305,Diesel,N-20,69
46622,Hybrid,L-17,17
31511,Hybrid,M-16,66
12833,Diesel,O-19,78
13619,Diesel,K-17,31
12340,Electric,D-16,50
25216,Diesel,I-17,40
44543,Diesel,B-19,26
27570,Hybrid,B-17,59
32846,Diesel,B-14,49
16430,Electric,D-18,57
33887,Diesel,O-19,16
18520,Hybrid,F-13,53
41283,Hybrid,L-14,82
11573,Hybrid,F-13,69
43244,Diesel,D-13,62
29637,Diesel,E-18,81
22094,Hybrid,N-14,30
11607,Diesel,O-19,53
15354,Hybrid,O-12,22
31851,Diesel,A-13,47
26672,Electric,P-13,29
38782,Diesel,P-20,13
20159,Electric,M-11,88
45051,Diesel,L-13,76
20107,Electric,E-14,97
32777,Diesel,J-20,91
11130,Diesel,N-15,82
24705,Diesel,F-18,29
16626,Electric,N-14,77
14169,Diesel,P-15,74
23295,Hybrid,J-10,66
48833,Diesel,A-11,33
34968,Electric,B-10,67
13960,Hybrid,O-10,76
13783,Diesel,K-10,78
29649,Diesel,I-19,16
27541,Diesel,A-12,88
43902,Diesel,J-15,55
18180,Diesel,E-14,15
11233,Diesel,C-17,86
30999,Electric,A-13,76
29142,Diesel,N-15,88
46291,Diesel,I-19,90
17609,Hybrid,A-20,72
27953,Diesel,I-18,81
43848,Diesel,J-15,78
26593,Diesel,J-17,73
19483,Diesel,F-20,29
36920,Diesel,L-13,63
23435,Hybrid,G-12,75
26785,Diesel,L-10,87
13943,Diesel,F-14,57
10176,Diesel,F-10,45
27537,Electric,F-20,79
16255,Hybrid,J-12,70
46190,Electric,P-11,93
17381,Hybrid,D-19,83
25046,Electric,N-11,35
22068,Hybrid,L-14,98
36252,Diesel,P-18,46
26570,Electric,C-10,48
26247,Diesel,K-15,94
37330,Diesel,B-20,60
41100,Diesel,L-11,40
22992,Diesel,D-19,87
44338,Electric,J-12,55
24836,Diesel,P-20,65
48616,Hybrid,E-20,46
15553,Electric,A-20,19
38814,Electric,A-16,59
11089,Electric,B-17,93
25174,Diesel,A-20,60
19113,Diesel,D-14,72
23690,Hybrid,O-10,54
40751,Electric,N-14,71
10667,Electric,P-13,99
10429,Electric,G-10,36
32491,Diesel,L-16,27
12430,Diesel,M-14,96
16169,Diesel,B-13,75
46216,Electric,L-20,20
49635,Electric,I-17,61
49361,Electric,K-14,83
22717,Diesel,G-12,49
35015,Electric,A-15,23
26299,Diesel,B-20,87
10785,Electric,D-16,78
42298,Hybrid,D-11,74
32304,Electric,I-10,60
19203,Hybrid,B-13,64
43780,Diesel,J-19,48
23600,Hybrid,I-13,35
48076,Hybrid,F-12,55
25006,Hybrid,N-16,80
37707,Diesel,P-16,99
35307,Electric,I-13,100
23993,Hybrid,A-16,44
47633,Hybrid,A-12,50
34026,Diesel,C-13,77
33001,Hybrid,M-20,52
43568,Diesel,E-14,82
25564,Electric,B-11,20
34789,Diesel,D-16,39
25358,Diesel,H-19,76
38293,Diesel,H-19,48
16758,Hybrid,I-20,14
39888,Electric,H-12,27
24896,Hybrid,B-20,92
39081,Hybrid,H-18,70
17075,Hybrid,A-12,21
44028,Electric,G-14,49
43933,Diesel,I-18,28
37650,Hybrid,E-16,56
35443,Electric,E-14,94
36281,Hybrid,G-18,84
24478,Diesel,I-20,27
27542,Hybrid,E-17,61
41874,Electric,B-16,97
13675,Electric,I-14,64
36685,Electric,M-15,90
17589,Electric,A-11,37
30723,Electric,O-15,43
23423,Diesel,M-17,95
47818,Electric,P-18,91
48431,Hybrid,I-12,10
45952,Diesel,J-14,82
32657,Hybrid,O-20,61
16423,Hybrid,C-19,80
14137,Diesel,D-15,11
19770,Diesel,L-10,42
37536,Hybrid,B-10,12
31127,Diesel,P-11,80
46447,Diesel,A-15,47
39684,Electric,N-20,72
31122,Hybrid,H-16,59
48130,Electric,L-18,22
36148,Diesel,P-19,99
31085,Electric,G-18,90
35252,Diesel,B-20,21
14537,Diesel,N-15,50
43317,Hybrid,N-18,12
38141,Diesel,J-10,57
34827,Hybrid,C-11,62
24855,Electric,A-15,19
15067,Diesel,B-16,51
13047,Hybrid,K-20,87
40277,Diesel,J-15,68
39692,Hybrid,L-13,10
21440,Hybrid,H-19,25
10499,Electric,P-19,58
34763,Electric,I-19,61
14994,Hybrid,B-18,13
48158,Electric,K-13,75
14443,Electric,C-13,45
10243,Diesel,B-15,15
44881,Electric,N-10,93
10829,Hybrid,M-19,11
19834,Diesel,M-10,84
41315,Electric,O-18,73
46191,Hybrid,F-13,14
22040,Diesel,D-19,100
14109,Electric,G-19,97
23853,Diesel,K-17,79
27018,Hybrid,E-10,52
10682,Diesel,C-20,36
25817,Electric,M-15,67
34984,Hybrid,L-10,78
24837,Electric,H-15,67
16314,Electric,G-17,23
18498,Hybrid,E-12,47
11105,Electric,L-13,81
25745,Hybrid,M-18,77
24443,Diesel,P-13,36
22497,Electric,C-19,13
13003,Hybrid,K-19,64
26553,Diesel,B-19,100
43188,Hybrid,E-12,96
14948,Diesel,K-18,55
29763,Electric,I-19,92
19315,Electric,O-19,79
24317,Hybrid,C-20,20
37806,Hybrid,A-18,49
12500,Electric,D-15,96
48805,Diesel,I-15,64
45190,Diesel,H-16,66
41472,Diesel,J-14,82
38987,Electric,B-12,68
35662,Diesel,O-14,48
16753,Hybrid,E-15,19
19325,Electric,K-11,63
45230,Diesel,F-18,60
16654,Electric,F-17,76
19079,Hybrid,D-20,92
35266,Diesel,E-11,96
39857,Diesel,D-12,30
34074,Hybrid,G-19,84
38655,Hybrid,M-11,24
42699,Diesel,L-12,30
46578,Hybrid,J-17,75
15180,Diesel,E-19,19
43441,Hybrid,A-20,90
10132,Hybrid,H-10,15
11401,Electric,I-10,59
33120,Electric,M-10,39
31468,Electric,J-11,73
41897,Diesel,G-11,92
29324,Hybrid,G-11,80
33047,Hybrid,P-10,51
19448,Electric,E-11,66
29580,Diesel,F-16,76
19494,Electric,I-12,76
15948,Electric,I-15,25
14842,Hybrid,J-17,95
45801,Diesel,C-12,38
38050,Diesel,P-19,85
33562,Diesel,F-17,96
25047,Diesel,J-12,62
38164,Hybrid,K-12,66
26714,Diesel,J-16,35
28690,Electric,O-15,87
39566,Electric,H-10,20
22022,Electric,P-15,97
25563,Hybrid,K-14,23
26731,Hybrid,P-14,89
45173,Electric,M-12,54
49142,Diesel,I-19,32
39151,Electric,C-20,66
42876,Diesel,K-20,76
27306,Electric,K-11,84
21472,Hybrid,G-13,17
46427,Diesel,I-19,45
13610,Electric,A-17,88
20586,Diesel,H-16,60
22181,Hybrid,I-16,13
37094,Electric,K-18,67
27343,Diesel,P-11,56
10213,Hybrid,J-14,25
13375,Electric,O-10,10
38829,Electric,I-17,65
34384,Hybrid,P-16,49
29548,Electric,E-10,80
44827,Diesel,H-20,79
18390,Hybrid,B-20,48
35285,Diesel,A-18,82
15618,Diesel,P-16,91
29095,Diesel,N-12,56
33427,Hybrid,I-13,18
23964,Diesel,H-17,51
48020,Diesel,E-10,86
15699,Diesel,D-18,70
41213,Hybrid,G-20,93
46607,Electric,I-12,57
30103,Diesel,E-13,24
33166,Diesel,J-14,52
15944,Hybrid,L-19,12
24559,Electric,G-12,42
31734,Hybrid,N-10,40
24976,Electric,A-13,73
24382,Hybrid,A-10,29
20011,Electric,F-12,55
41981,Hybrid,J-12,43
46241,Electric,J-18,34
29597,Hybrid,K-11,70
14926,Diesel,H-20,69
39806,Diesel,F-13,77
38175,Hybrid,O-20,24
17510,Diesel,L-16,60
22897,Electric,O-17,63
43162,Electric,J-17,77
40717,Hybrid,O-18,79
12373,Electric,G-19,96
47670,Diesel,E-14,26
45182,Hybrid,P-13,61
29535,Diesel,A-17,80
30381,Hybrid,G-17,48
14458,Hybrid,C-16,92
35246,Electric,A-19,53
41940,Diesel,A-19,30
11764,Electric,J-11,47
43234,Hybrid,L-19,87
24057,Electric,E-19,31
33485,Hybrid,E-11,19
39274,Electric,J-20,75
47310,Electric,C-10,64
19205,Electric,H-18,81
34822,Diesel,J-16,50
21606,Diesel,C-17,94
39661,Diesel,P-17,47
13363,Hybrid,O-20,51
29644,Hybrid,G-11,39
25831,Diesel,C-10,77
44035,Hybrid,G-12,87
16056,Electric,B-12,49
23264,Hybrid,L-13,63
27826,Electric,I-13,32
10090,Electric,I-12,60
27976,Electric,G-18,33
20103,Electric,P-13,36
33510,Hybrid,I-19,12
14220,Diesel,N-12,79
44928,Hybrid,P-20,89
33078,Electric,F-10,40
24781,Diesel,L-10,26
26782,Hybrid,O-10,38
38763,Diesel,M-16,35
37514,Diesel,A-13,36
49085,Electric,B-16,53
36282,Hybrid,K-18,36
23243,Electric,B-18,87
35707,Electric,I-20,65
12171,Hybrid,F-11,16
15681,Hybrid,B-10,67
49153,Diesel,P-17,13
29195,Electric,B-20,76
41859,Hybrid,A-13,12
10867,Hybrid,E-14,22
29163,Electric,L-10,98
20693,Hybrid,P-13,28
47134,Diesel,F-15,40
10679,Hybrid,L-10,38
41391,Hybrid,A-12,73
27226,Hybrid,H-17,59
31725,Diesel,C-11,56
14101,Electric,G-15,32
20377,Hybrid,D-17,76
33735,Hybrid,P-11,91
28676,Diesel,A-12,11
44483,Electric,L-11,80
44409,Diesel,N-20,17
27101,Hybrid,G-20,89
11865,Electric,N-12,73
24574,Diesel,D-11,29
26208,Diesel,B-17,38
19268,Hybrid,F-18,47
26840,Diesel,K-10,23
31640,Diesel,N-19,40
25409,Electric,H-14,47
13217,Diesel,L-15,15
16462,Hybrid,I-14,21
21008,Electric,C-20,42
34388,Electric,B-10,49
11868,Electric,E-11,30
37336,Hybrid,K-13,49
35438,Diesel,J-18,51
16531,Hybrid,M-11,86
11124,Electric,D-16,70
43665,Diesel,L-19,14
25406,Hybrid,O-18,10
13902,Electric,H-13,35
19543,Hybrid,M-18,46
23323,Electric,H-17,24
25039,Electric,A-20,16
14775,Hybrid,N-11,43
40363,Diesel,C-15,77
24058,Diesel,C-16,47
46143,Hybrid,G-11,90
37876,Hybrid,L-15,76
37454,Hybrid,E-14,37
28811,Hybrid,D-20,56
17054,Hybrid,P-15,42
21601,Hybrid,L-20,34
40700,Diesel,E-14,72
32238,Diesel,O-10,96
32792,Electric,I-17,57
31975,Electric,N-12,14
45102,Electric,B-19,90
33906,Hybrid,H-19,30
48898,Diesel,M-20,86
20691,Electric,N-11,87
13736,Electric,P-10,78
46651,Diesel,K-10,31
22247,Electric,K-19,48
20648,Diesel,M-19,40
15253,Hybrid,L-11,68
35997,Hybrid,J-18,37
32102,Hybrid,H-13,47
36139,Diesel,K-18,53
19512,Electric,D-10,75
27092,Electric,O-17,99
39843,Hybrid,B-19,49
31176,Diesel,L-10,80
28129,Diesel,E-20,27
14135,Electric,O-20,31
14291,Hybrid,F-18,21
19038,Hybrid,I-14,64
44634,Hybrid,A-12,61
40992,Diesel,G-15,36
44127,Electric,I-17,84
23639,Electric,D-19,23
37076,Hybrid,J-13,31
27398,Hybrid,H-13,62
35764,Electric,A-17,12
32382,Diesel,B-13,53
48975,Diesel,E-11,81
43764,Hybrid,A-17,61
11315,Hybrid,K-14,65
48498,Hybrid,G-11,13
49737,Diesel,E-10,67
44562,Diesel,K-15,38
47619,Electric,G-16,48
25048,Hybrid,P-18,83
34660,Diesel,D-20,21
29556,Diesel,N-12,83
21677,Diesel,I-11,95
27166,Hybrid,M-10,46
20290,Hybrid,I-11,89
39400,Electric,A-11,20
12479,Electric,E-13,25
31903,Hybrid,L-20,29
14575,Electric,C-15,10
46182,Hybrid,D-16,83
42378,Diesel,L-11,83
33402,Electric,J-14,39
27974,Hybrid,F-13,30
27928,Diesel,G-14,48
42111,Electric,E-12,17
44693,Hybrid,N-11,38
34678,Diesel,K-14,98
21971,Electric,O-14,70
10777,Electric,J-19,95
44940,Diesel,O-17,31
18876,Diesel,A-13,11
35854,Diesel,H-18,47
10263,Hybrid,B-19,99
28227,Electric,L-18,39
15071,Diesel,B-14,37
45612,Diesel,J-20,75
17595,Diesel,K-15,37
44886,Diesel,A-14,11
47499,Diesel,B-14,36
27568,Electric,N-19,90
18916,Diesel,M-18,16
32903,Electric,L-19,63
26076,Diesel,P-18,86
48383,Electric,N-12,40
23961,Electric,P-11,63
13935,Hybrid,E-19,12
34391,Diesel,J-20,86
37858,Electric,N-10,24
13444,Hybrid,P-16,65
41186,Electric,I-14,59
33794,Electric,G-11,60
30264,Electric,O-17,51
45458,Diesel,J-12,63
44705,Hybrid,K-17,15
25045,Electric,G-20,30
40890,Electric,D-18,48
23789,Electric,I-13,76
16257,Electric,O-16,23
19223,Electric,H-11,25
14263,Hybrid,G-13,92
19377,Hybrid,J-12,23
43081,Diesel,A-15,29
31987,Hybrid,M-18,85
43785,Diesel,I-17,91
13719,Electric,E-18,85
36589,Hybrid,O-13,29
23346,Electric,N-15,43
48576,Diesel,F-18,15
40372,Hybrid,I-13,85
32504,Electric,B-11,16
31696,Electric,H-14,44
34701,Diesel,C-17,14
33026,Electric,L-14,10
38260,Electric,D-11,48
24759,Hybrid,L-11,42
26427,Diesel,K-19,44
24313,Diesel,E-10,65
35627,Hybrid,O-16,54
44133,Hybrid,O-12,30
11483,Hybrid,D-15,40
29380,Hybrid,B-16,54
42183,Electric,H-16,62
21371,Electric,A-19,28
29061,Diesel,M-14,42
43123,Hybrid,J-20,15
34499,Hybrid,G-10,98
31223,Diesel,L-20,67
14534,Electric,P-14,60
10906,Hybrid,L-12,67
44799,Electric,L-19,70
16530,Diesel,K-18,53
42827,Hybrid,K-18,16
25775,Electric,O-19,44
43202,Hybrid,D-12,10
27890,Electric,J-17,72
36420,Electric,A-20,23
11666,Hybrid,K-14,66
46138,Diesel,J-12,87
10759,Hybrid,G-13,97
15845,Electric,F-15,45
46914,Hybrid,P-12,17
10593,Electric,O-20,74
21027,Diesel,F-14,45
13429,Diesel,K-11,96
12246,Electric,D-17,77
29544,Hybrid,K-13,11
14391,Hybrid,H-19,34
43512,Hybrid,A-11,72
10343,Electric,K-19,84
31895,Diesel,D-19,65
27451,Electric,B-14,17
34016,Electric,F-10,14
36658,Hybrid,O-11,94
13143,Diesel,A-12,21
37974,Electric,H-10,64
15446,Electric,K-15,15
37918,Electric,F-16,25
37074,Electric,J-10,50
43229,Hybrid,F-14,97
39134,Electric,I-11,69
13632,Hybrid,I-20,93
27148,Hybrid,P-13,53
25105,Diesel,B-18,42
19089,Electric,P-11,15
42030,Diesel,C-20,52
12933,Electric,M-10,48
35202,Diesel,M-15,29
10181,Diesel,P-11,72
38423,Hybrid,C-20,64
24805,Hybrid,F-20,97
40111,Electric,N-14,85
11168,Electric,P-19,38
19289,Diesel,K-19,52
47155,Diesel,G-17,51
26115,Diesel,D-15,53
29451,Diesel,N-11,48
44951,Diesel,N-19,44
33059,Electric,G-15,17
43645,Hybrid,M-16,40
25241,Hybrid,J-13,18
41197,Hybrid,P-13,34
34377,Hybrid,H-12,23
27785,Hybrid,B-11,24
37315,Electric,H-12,98
11640,Electric,G-13,93
37565,Diesel,N-14,36
21733,Electric,B-11,18
26742,Electric,L-11,59
19392,Hybrid,M-12,62
24899,Hybrid,K-18,43
24557,Electric,L-15,14
11486,Electric,A-14,45
13497,Diesel,J-13,75
19798,Hybrid,P-11,85
12629,Diesel,B-10,39
32881,Hybrid,N-17,78
36790,Diesel,M-13,54
19920,Diesel,O-12,92
12120,Diesel,L-10,74
18301,Electric,K-16,29
39694,Hybrid,C-15,64
27853,Hybrid,L-10,71
37557,Hybrid,E-12,80
43958,Hybrid,N-12,11
33602,Hybrid,M-18,61
37304,Hybrid,L-16,93
15275,Electric,K-18,24
32542,Hybrid,I-15,15
26499,Hybrid,B-18,50
27668,Hybrid,C-15,43
45436,Diesel,E-17,50
44283,Electric,K-14,54
11974,Electric,M-11,52
47593,Diesel,J-13,27
40585,Electric,H-18,48
28151,Diesel,M-15,93
38648,Diesel,J-16,42
13609,Diesel,P-19,32
19731,Electric,B-20,34
32943,Electric,F-18,68
49682,Diesel,L-17,47
36240,Hybrid,A-12,77
30925,Hybrid,A-10,84
15906,Hybrid,A-20,46
33597,Hybrid,E-13,20
30946,Diesel,L-20,38
11153,Diesel,E-12,18
16870,Electric,M-11,85
47449,Electric,L-13,30
26259,Electric,H-18,93
21718,Hybrid,C-18,59
18101,Electric,H-18,30
49426,Hybrid,A-15,83
13972,Hybrid,M-11,82
41585,Diesel,J-18,42
15867,Diesel,P-11,46
11586,Diesel,D-13,96
25549,Diesel,B-19,66
23909,Diesel,J-15,30
15417,Diesel,C-17,84
12453,Electric,G-19,77
11964,Hybrid,L-17,74
24448,Electric,L-18,45
37780,Diesel,K-10,84
27212,Electric,N-18,12
42133,Hybrid,P-18,76
15596,Electric,C-18,11
24465,Diesel,C-17,48
11185,Electric,E-15,71
11354,Electric,P-20,86
23669,Hybrid,H-16,61
19421,Electric,M-19,43
42347,Diesel,P-17,25
12467,Electric,N-14,83
47988,Diesel,P-13,58
22434,Diesel,F-17,69
14979,Hybrid,L-10,68
42568,Diesel,E-16,80
28459,Electric,B-11,56
17935,Electric,M-18,98
14587,Hybrid,L-15,89
36237,Electric,P-12,97
45164,Electric,N-19,68
13007,Electric,C-14,64
13309,Hybrid,D-10,25
43507,Diesel,N-16,82
17652,Hybrid,K-18,89
35306,Hybrid,O-14,82
20616,Electric,E-14,14
17986,Diesel,H-10,97
27996,Hybrid,C-16,89
39763,Hybrid,F-17,78
32559,Diesel,A-15,100
13346,Hybrid,I-10,51
20091,Hybrid,A-15,94
39233,Electric,H-20,45
20087,Diesel,H-18,99
10939,Diesel,K-12,71
21727,Diesel,A-18,50
43996,Hybrid,J-10,45
23804,Hybrid,I-17,50
17200,Electric,I-16,33
38049,Electric,C-12,94
17508,Electric,A-14,87
20344,Electric,L-20,79
46101,Diesel,C-10,26
39598,Electric,L-15,18
36619,Electric,E-12,88
37218,Diesel,E-16,41
27191,Hybrid,E-18,85
49893,Diesel,C-11,22
41777,Electric,J-16,51
46309,Hybrid,A-12,33
48603,Electric,K-17,38
27492,Electric,M-20,97
12662,Diesel,I-16,92
21289,Hybrid,E-18,85
36846,Diesel,E-15,79
40999,Hybrid,F-11,68
31405,Electric,D-19,10
24725,Electric,I-16,56
38363,Electric,B-14,56
35566,Hybrid,N-19,67
12565,Hybrid,J-12,29
20149,Electric,M-15,17
13249,Diesel,P-18,87
27143,Diesel,F-19,71
42117,Diesel,P-14,81
43007,Hybrid,P-11,18
16015,Electric,A-13,31
13078,Electric,E-13,54
15336,Diesel,G-16,19
44647,Electric,J-13,99
48937,Diesel,I-19,44
49689,Hybrid,P-13,27
25390,Diesel,H-16,26
49868,Diesel,B-18,57
22416,Hybrid,N-20,54
13955,Electric,B-17,31
39332,Hybrid,K-13,43
42769,Diesel,E-15,41
13942,Hybrid,L-19,34
10079,Diesel,H-12,54
22907,Diesel,L-10,19
20253,Hybrid,A-18,44
19659,Hybrid,B-20,11
14520,Hybrid,P-13,81
26185,Hybrid,F-17,11
31963,Hybrid,L-10,11
28466,Diesel,H-18,63
18386,Diesel,G-14,56
17248,Electric,M-14,68
33901,Electric,G-19,21
23140,Diesel,K-11,18
23614,Diesel,H-10,50
31502,Diesel,J-14,50
30776,Electric,N-10,25
15455,Hybrid,A-20,31
13849,Electric,O-15,13
44816,Hybrid,A-14,86
49033,Electric,M-18,35
30746,Diesel,H-20,45
34746,Hybrid,A-12,55
35011,Hybrid,G-14,73
25776,Diesel,I-20,40
24216,Electric,G-19,86
31022,Electric,B-14,19
21582,Diesel,G-19,27
30802,Hybrid,L-19,82
17826,Electric,J-18,23
43482,Diesel,O-10,23
48225,Electric,N-11,86
30677,Diesel,A-11,64
14346,Hybrid,D-10,54
29640,Electric,K-15,23
21372,Electric,E-20,45
39567,Diesel,H-14,73
25057,Diesel,P-12,47
29124,Hybrid,H-20,21
43552,Hybrid,L-10,93
11867,Hybrid,D-17,24
19693,Electric,O-16,31
40393,Hybrid,H-20,85
20925,Diesel,L-12,63
42165,Diesel,H-12,53
30449,Diesel,O-16,54
34545,Hybrid,B-10,100
44403,Electric,D-19,42
47615,Electric,P-12,24
39831,Electric,D-15,41
42197,Electric,P-15,34
12161,Diesel,K-10,75
30179,Hybrid,N-10,79
39691,Hybrid,K-16,84
22042,Diesel,P-18,24
28407,Diesel,E-19,93
22584,Diesel,P-10,67
23250,Diesel,O-20,64
13578,Diesel,I-14,16
36021,Electric,A-20,90
44174,Diesel,H-10,39
21892,Diesel,C-12,23
33267,Hybrid,E-12,72
32964,Hybrid,E-19,87
45514,Diesel,A-15,86
35972,Electric,D-14,92
22811,Electric,H-16,14
17910,Electric,J-19,61
10092,Diesel,I-10,29
34610,Hybrid,D-18,71
31126,Hybrid,I-10,90
38618,Electric,J-12,81
21572,Hybrid,G-14,10
20407,Hybrid,O-17,14
14819,Diesel,A-14,80
36415,Diesel,H-19,41
24133,Hybrid,I-18,69
40984,Hybrid,D-17,27
34243,Electric,M-12,59
46787,Hybrid,H-11,53
45234,Diesel,D-13,86
23622,Hybrid,K-10,51
12488,Diesel,A-16,75
39916,Electric,P-17,51
43194,Hybrid,M-18,62
23866,Electric,J-16,80
37374,Hybrid,M-18,67
20992,Diesel,H-19,58
36995,Hybrid,J-20,60
39544,Electric,O-15,15
10463,Hybrid,I-13,18
40641,Electric,M-15,69
19404,Electric,B-11,14
19072,Diesel,G-14,92
43369,Hybrid,H-14,18
32736,Electric,L-11,42
46015,Diesel,N-15,13
35360,Hybrid,G-17,84
41333,Diesel,O-12,86
30535,Diesel,A-17,78
26572,Hybrid,E-20,44
26204,Diesel,O-15,48
30933,Electric,J-18,33
29999,Diesel,M-18,34
30846,Electric,C-10,73
33455,Diesel,L-15,75
26746,Diesel,H-11,17
30961,Electric,H-20,75
25081,Hybrid,H-19,44
24340,Hybrid,M-14,27
40360,Diesel,P-11,66
42069,Hybrid,P-13,33
19306,Electric,H-17,61
28878,Diesel,G-15,96
18371,Diesel,I-20,24
35631,Hybrid,L-16,64
46200,Hybrid,G-10,24
41392,Diesel,J-11,44
19393,Electric,F-17,17
43377,Hybrid,F-12,75
38485,Hybrid,C-18,69
13552,Electric,F-20,68
46995,Electric,N-16,57
48507,Hybrid,F-17,28
18342,Electric,B-20,44
22217,Electric,N-20,61
25493,Hybrid,H-12,100
41062,Electric,P-14,74
13914,Diesel,J-11,62
39542,Electric,O-16,89
21167,Electric,L-12,75
21234,Diesel,K-14,52
44913,Hybrid,F-13,50
18160,Diesel,D-20,16
30055,Hybrid,E-10,39
38051,Diesel,N-20,33
36455,Diesel,G-11,67
32865,Diesel,G-20,78
49611,Electric,A-20,35
20832,Hybrid,F-12,57
38947,Diesel,F-13,34
45375,Diesel,L-19,53
35745,Electric,P-11,77
21865,Electric,N-14,64
29942,Hybrid,B-18,76
29932,Hybrid,K-16,82
27508,Hybrid,P-14,64
22280,Hybrid,E-10,24
24131,Hybrid,K-11,11
30659,Diesel,G-14,83
31689,Diesel,E-18,70
12408,Electric,K-13,24
26381,Diesel,I-12,54
34411,Hybrid,D-18,93
28262,Electric,L-15,40
44808,Diesel,K-10,90
32717,Electric,P-12,82
33819,Diesel,L-15,25
14181,Diesel,P-14,73
27109,Hybrid,B-13,25
30005,Diesel,G-15,28
28377,Hybrid,O-15,30
13505,Diesel,C-16,98
32678,Electric,D-17,81
22049,Hybrid,N-16,45
15047,Electric,M-14,14
34283,Diesel,K-18,87
37487,Electric,O-20,26
20250,Diesel,C-17,67
27505,Electric,G-14,87
25129,Diesel,N-18,13
14978,Electric,G-15,39
22058,Diesel,E-18,38
46838,Diesel,C-11,18
36253,Hybrid,G-20,59
17083,Hybrid,C-15,100
42705,Electric,J-14,24
21999,Diesel,H-17,17
41893,Diesel,B-10,23
31359,Hybrid,O-17,29
24156,Hybrid,G-11,93
29499,Diesel,K-15,78
34972,Hybrid,O-19,13
13503,Hybrid,F-13,75
28079,Electric,C-20,99
38429,Diesel,N-16,38
26640,Hybrid,K-10,21
40400,Diesel,J-17,81
15127,Diesel,O-12,89
12765,Electric,O-14,20
32059,Electric,B-19,15
21140,Hybrid,O-16,12
35309,Diesel,G-12,84
40052,Hybrid,I-17,32
40791,Electric,N-19,90
13349,Hybrid,B-13,12
33083,Diesel,N-10,97
38210,Hybrid,H-20,82
21839,Electric,B-14,57
21418,Hybrid,B-11,12
25114,Electric,M-18,49
33101,Electric,E-14,22
30931,Hybrid,F-12,75
46373,Hybrid,C-12,90
19818,Diesel,N-14,41
10605,Diesel,K-14,28
41887,Electric,M-18,71
12202,Hybrid,D-11,10
26364,Diesel,N-16,57
37940,Hybrid,D-10,39
45069,Diesel,A-13,10
34909,Electric,K-20,89
24205,Hybrid,N-12,43
32261,Diesel,O-16,60
21083,Hybrid,G-16,97
11216,Hybrid,A-17,61
19573,Electric,B-17,87
46732,Diesel,B-10,19
36769,Hybrid,B-14,62
48547,Electric,N-20,67
43707,Diesel,M-13,52
13271,Diesel,O-19,77
32825,Hybrid,I-14,70
22773,Electric,B-20,43
28444,Diesel,K-13,21
22169,Electric,H-14,75
15303,Hybrid,M-19,39
35349,Electric,G-17,82
35192,Electric,A-15,72
41377,Diesel,J-13,86
32700,Hybrid,P-20,92
35353,Hybrid,M-13,82
23102,Hybrid,C-10,96
31970,Diesel,L-18,93
28970,Hybrid,J-18,43
28210,Hybrid,K-15,83
11477,Electric,N-18,41
35330,Hybrid,K-17,88
49212,Electric,L-11,98
38025,Electric,J-19,73
10189,Electric,I-20,40
31754,Hybrid,L-12,65
47394,Hybrid,C-12,93
21794,Diesel,L-11,47
24668,Electric,O-11,77
18334,Electric,O-15,67
20621,Hybrid,A-16,49
23601,Diesel,I-17,78
24161,Diesel,F-20,27
27847,Diesel,C-19,78
20929,Diesel,L-20,54
32379,Electric,B-15,20
38596,Electric,K-20,54
15200,Diesel,B-18,65
11109,Hybrid,F-18,59
43803,Electric,K-19,79
47246,Electric,K-11,97
30983,Diesel,H-14,35
49725,Diesel,K-10,83
19111,Electric,L-11,35
37079,Hybrid,I-11,10
18309,Electric,P-20,88
36807,Hybrid,B-18,76
14307,Electric,D-11,92
35325,Diesel,O-11,22
23057,Hybrid,G-13,14
48371,Electric,N-19,98
46134,Electric,B-15,43
34916,Electric,N-17,22
47369,Electric,G-11,20
33008,Hybrid,G-13,17
47959,Diesel,E-17,53
41875,Hybrid,G-17,42
46027,Electric,N-12,24
43135,Diesel,F-20,79
10639,Diesel,P-17,35
42517,Hybrid,L-12,87
14799,Hybrid,A-11,74
28765,Hybrid,P-20,55
46706,Hybrid,I-13,84
10565,Diesel,J-16,79
41527,Hybrid,M-10,33
22107,Hybrid,E-14,42
20895,Diesel,C-10,33
13591,Diesel,M-20,16
37225,Hybrid,O-13,71
37086,Diesel,M-12,34
30178,Hybrid,E-19,19
15519,Diesel,B-13,95
42795,Hybrid,F-11,63
21411,Diesel,I-14,51
47182,Electric,M-20,71
20209,Diesel,N-15,70
21143,Electric,H-12,49
24525,Electric,B-13,41
47075,Diesel,P-16,27
19204,Diesel,K-20,18
16121,Electric,A-19,76
41175,Electric,L-10,90
40191,Diesel,M-15,25
47298,Electric,H-14,52
40411,Electric,I-16,81
18752,Electric,G-20,61
22704,Electric,O-11,90
22960,Hybrid,K-17,56
27819,Hybrid,G-13,36
49816,Hybrid,E-18,95
13092,Diesel,B-17,14
39803,Diesel,C-11,11
21741,Hybrid,O-13,52
26828,Electric,K-10,39
11643,Hybrid,J-16,65
27995,Hybrid,L-18,44
22786,Diesel,E-18,54
47490,Diesel,P-15,90
28614,Diesel,F-19,18
26835,Electric,B-11,19
28825,Hybrid,C-16,100
28856,Diesel,C-10,18
32643,Diesel,G-18,62
39348,Electric,K-19,100
19208,Hybrid,E-10,46
44243,Diesel,H-14,96
14735,Hybrid,C-20,35
27960,Diesel,A-11,76
31115,Electric,E-13,41
42085,Diesel,I-15,70
15226,Diesel,I-16,36
47690,Hybrid,A-11,45
45101,Hybrid,J-16,44
47762,Electric,G-14,66
44214,Electric,H-19,83
27907,Hybrid,D-10,32
49844,Electric,D-20,66
42949,Diesel,I-12,51
21954,Hybrid,N-20,14
22556,Hybrid,H-19,10
23756,Hybrid,D-11,52
27702,Diesel,E-18,85
26609,Hybrid,J-17,95
10952,Hybrid,K-16,12
33370,Diesel,A-17,51
39979,Diesel,J-13,75
48792,Electric,M-17,37
17289,Diesel,J-16,71
27105,Electric,M-18,27
34253,Hybrid,B-14,80
12469,Hybrid,J-18,19
49317,Electric,P-17,70
32058,Diesel,G-18,39
19980,Diesel,D-15,95
21364,Diesel,J-19,66
25491,Electric,A-19,63
29524,Electric,C-13,83
39205,Diesel,G-14,34
32411,Hybrid,E-17,35
49975,Hybrid,E-14,26
42910,Electric,O-19,100
12427,Electric,N-13,70
29605,Electric,P-14,25
30726,Electric,K-11,64
22043,Electric,K-18,45
21211,Electric,L-14,14
46610,Electric,G-11,70
30056,Electric,D-18,81
37967,Hybrid,K-10,68
10332,Electric,K-18,70
12139,Hybrid,A-14,40
16252,Hybrid,I-18,48
13576,Hybrid,G-15,33
18709,Hybrid,M-10,41
41838,Diesel,H-15,11
45657,Diesel,C-10,20
28873,Diesel,M-16,71
13891,Hybrid,M-18,30
13019,Diesel,N-14,25
16043,Electric,E-17,95
34189,Electric,F-20,25
44037,Diesel,P-12,38
46448,Diesel,L-11,50
26895,Diesel,D-12,47
29947,Hybrid,D-19,43
44258,Diesel,F-12,40
37516,Diesel,I-13,58
31447,Hybrid,N-11,19
41484,Diesel,K-10,56
31244,Electric,K-17,83
39654,Hybrid,O-17,90
21704,Electric,G-12,25
46893,Hybrid,N-16,71
11634,Electric,K-16,69
35168,Electric,D-15,33
22932,Diesel,C-12,60
39024,Diesel,K-18,58
15820,Hybrid,J-16,62
23805,Electric,M-10,64
48764,Diesel,I-18,93
44182,Diesel,H-18,17
30698,Diesel,N-15,84
42820,Electric,F-16,36
14620,Diesel,G-19,58
35175,Diesel,H-20,44
23448,Diesel,P-12,11
41242,Hybrid,L-16,33
28222,Electric,C-13,80
27972,Hybrid,L-10,29
12309,Hybrid,J-16,80
41896,Diesel,M-17,61
16712,Electric,P-17,65
28134,Hybrid,M-15,82
18813,Electric,K-12,70
25852,Diesel,C-11,46
19409,Hybrid,P-14,11
16625,Hybrid,L-12,93
21168,Hybrid,N-12,44
45875,Hybrid,A-12,93
30140,Hybrid,C-13,44
15958,Electric,E-19,29
17724,Hybrid,E-18,29
29676,Electric,B-10,64
43649,Hybrid,A-17,99
41112,Electric,C-13,84
10636,Diesel,G-19,13
44678,Diesel,O-12,53
19598,Hybrid,H-17,85
42119,Electric,A-17,77
28250,Diesel,B-12,44
15155,Electric,F-16,63
42824,Electric,C-10,72
34895,Electric,B-16,14
33862,Electric,O-19,64
48378,Electric,F-20,84
18219,Hybrid,B-11,96
26987,Electric,G-12,26
18555,Hybrid,C-10,93
12098,Electric,J-12,60
18283,Electric,K-11,28
47953,Hybrid,F-14,22
35281,Diesel,M-15,67
46865,Electric,L-20,97
46371,Electric,E-20,36
28244,Diesel,A-19,82
20112,Hybrid,N-11,92
22048,Diesel,K-10,63
18749,Diesel,D-18,36
17582,Electric,F-10,65
39505,Hybrid,P-18,69
43809,Hybrid,G-20,100
26960,Diesel,N-12,68
45108,Diesel,N-10,70
43959,Hybrid,I-10,87
43828,Diesel,A-20,91
42052,Diesel,N-11,95
34489,Hybrid,M-14,46
24455,Hybrid,K-10,99
42634,Diesel,N-15,52
31509,Hybrid,F-15,26
44389,Hybrid,N-11,11
41101,Hybrid,G-13,91
30888,Hybrid,I-15,53
32234,Diesel,A-20,32
15211,Hybrid,O-20,93
32156,Hybrid,N-19,77
35003,Diesel,H-20,70
29602,Diesel,I-14,42
36847,Diesel,B-18,93
33154,Diesel,J-11,63
30811,Diesel,L-13,23
26062,Diesel,E-14,71
31870,Diesel,F-12,77
33336,Diesel,N-19,87
22189,Electric,E-11,53
39991,Diesel,C-10,62
11820,Electric,A-12,24
23113,Hybrid,M-11,62
32867,Electric,B-12,38
49203,Electric,D-10,22
12033,Electric,L-19,23
10877,Electric,C-13,52
49190,Electric,B-11,27
10617,Hybrid,M-11,99
18976,Electric,N-16,95
37791,Electric,G-11,94
27269,Hybrid,M-20,81
36674,Hybrid,M-15,10
33108,Electric,H-15,34
45091,Diesel,M-11,83
48843,Hybrid,D-11,72
21693,Hybrid,E-19,79
12712,Diesel,H-13,46
38940,Diesel,K-15,86
39530,Electric,H-13,98
35259,Diesel,I-12,98
29612,Electric,C-13,64
46933,Electric,E-18,66
43533,Diesel,L-11,25
49418,Hybrid,P-12,64
34116,Diesel,M-18,18
20267,Hybrid,C-20,19
24755,Diesel,I-11,92
12864,Diesel,C-17,16
27374,Diesel,P-16,54
35814,Electric,L-18,23
45291,Diesel,I-18,93
22285,Hybrid,P-12,79
33896,Electric,G-11,16
18598,Electric,F-17,89
36469,Diesel,O-17,87
45970,Electric,P-20,62
12042,Electric,F-13,43
36843,Hybrid,H-17,15
11647,Hybrid,I-20,39
46099,Diesel,L-20,25
18634,Diesel,G-11,81
40824,Electric,P-10,26
39391,Electric,G-15,89
13094,Diesel,M-17,91
14066,Diesel,I-15,15
34937,Hybrid,K-16,18
27086,Hybrid,E-17,92
10903,Electric,H-20,39
47527,Hybrid,F-14,13
28083,Diesel,I-19,46
47030,Hybrid,N-12,12
49133,Hybrid,I-16,52
33872,Electric,O-13,71
26035,Diesel,J-12,71
45493,Diesel,M-13,98
31934,Diesel,D-11,88
48658,Diesel,O-19,34
11197,Electric,O-16,36
16107,Electric,H-15,34
28406,Diesel,G-15,11
15400,Hybrid,G-13,61
15251,Diesel,L-11,64
23172,Hybrid,H-20,88
14232,Electric,K-18,92
38544,Diesel,E-12,40
18419,Hybrid,O-11,87
45237,Diesel,M-18,94
18561,Electric,J-11,77
18032,Diesel,P-13,28
28879,Diesel,N-14,99
32558,Diesel,O-11,88
23741,Hybrid,G-15,77
30631,Electric,G-16,93
27392,Hybrid,C-14,24
36487,Diesel,A-17,15
28036,Hybrid,E-16,27
22047,Electric,E-18,98
37517,Hybrid,M-17,67
34533,Diesel,P-20,13
32820,Electric,I-19,47
21244,Diesel,F-20,33
37023,Electric,O-14,62
19896,Hybrid,B-14,14
44423,Hybrid,B-19,10
41041,Hybrid,A-18,40
19350,Hybrid,D-12,17
18262,Hybrid,F-11,62
23702,Hybrid,M-10,57
39320,Electric,L-12,64
36776,Diesel,K-13,85
46490,Hybrid,J-20,30
23478,Diesel,O-20,34
11610,Diesel,H-12,74
21367,Diesel,A-11,99
13144,Hybrid,H-20,89
15128,Hybrid,J-20,87
41609,Electric,J-16,12
22701,Electric,K-19,29
45439,Hybrid,B-18,66
14714,Diesel,O-14,84
40413,Hybrid,B-10,28
20013,Hybrid,D-19,29
24774,Diesel,D-10,20
26310,Diesel,N-10,11
12781,Hybrid,O-11,64
17295,Diesel,M-11,47
22910,Diesel,A-12,25
27734,Electric,E-16,44
39623,Hybrid,N-18,89
24399,Hybrid,N-15,72
10798,Electric,J-11,100
43522,Hybrid,C-18,61
29453,Electric,P-14,98
44232,Electric,H-11,23
15989,Hybrid,N-14,59
46073,Diesel,K-11,30
39914,Hybrid,E-16,92
15516,Diesel,A-13,77
30243,Electric,D-20,87
45998,Electric,E-16,39
32739,Diesel,F-16,76
22004,Hybrid,G-18,20
41865,Hybrid,B-10,34
27552,Hybrid,A-15,93
23904,Electric,E-17,47
26892,Diesel,D-20,83
17226,Hybrid,K-17,81
36441,Electric,N-18,98
19638,Diesel,H-20,55
38912,Diesel,J-17,77
22237,Hybrid,G-17,48
40846,Hybrid,C-17,53
40604,Electric,H-10,80
46640,Diesel,I-18,91
32312,Electric,M-14,99
26522,Hybrid,J-14,49
12665,Electric,I-10,20
18322,Diesel,B-16,13
26467,Diesel,F-16,30
30429,Hybrid,F-10,44
38647,Hybrid,G-18,100
40667,Hybrid,P-15,12
32001,Diesel,B-20,71
34035,Diesel,N-14,49
46922,Diesel,I-10,27
13815,Diesel,B-16,58
31557,Hybrid,D-14,23
17050,Electric,P-11,40
46747,Electric,J-15,17
39980,Hybrid,I-18,13
37746,Electric,B-13,28
20695,Electric,K-11,73
29053,Diesel,D-14,25
18539,Hybrid,L-17,74
15937,Diesel,B-12,84
36159,Diesel,M-11,48
26847,Diesel,C-19,90
37249,Hybrid,O-13,50
26793,Hybrid,D-11,51
48001,Hybrid,H-10,42
18689,Electric,H-16,87
48836,Electric,M-14,93
18408,Electric,H-18,34
21912,Electric,A-19,52
15796,Hybrid,L-10,48
33223,Electric,C-16,48
13344,Diesel,N-12,72
10786,Hybrid,A-18,62
30642,Diesel,H-20,49
14889,Hybrid,O-17,51
42817,Diesel,B-19,58
26749,Hybrid,J-18,88
15031,Electric,L-14,72
32027,Hybrid,H-17,12
35054,Electric,H-18,46
22726,Diesel,E-13,89
18459,Electric,L-18,37
49357,Hybrid,O-12,89
41919,Hybrid,B-10,71
42829,Diesel,D-19,40
21226,Electric,P-17,67
29379,Hybrid,M-12,52
32729,Diesel,E-13,100
45663,Diesel,C-13,71
14829,Diesel,J-18,46
39399,Electric,H-16,54
23108,Diesel,B-12,13
39720,Hybrid,J-17,44
25771,Hybrid,J-10,96
44404,Diesel,H-19,88
39290,Hybrid,C-14,20
31316,Hybrid,A-13,78
18781,Electric,C-11,18
35831,Electric,A-10,72
36193,Hybrid,E-18,75
27163,Electric,P-11,30
30344,Hybrid,I-20,70
40648,Diesel,L-18,17
12155,Hybrid,N-13,62
45960,Hybrid,B-17,51
44682,Hybrid,M-14,85
10091,Electric,J-15,67
48636,Electric,P-20,93
20241,Hybrid,E-18,56
32458,Hybrid,P-10,35
37596,Diesel,P-18,47
19118,Electric,G-11,76
46517,Hybrid,K-16,29
16073,Electric,N-19,48
49444,Diesel,B-18,38
36509,Hybrid,O-18,37
46868,Electric,B-16,40
49032,Diesel,C-15,81
41581,Diesel,H-19,75
17307,Diesel,H-17,35
42783,Hybrid,B-12,98
46438,Diesel,C-14,75
17157,Electric,P-11,56
46266,Hybrid,M-17,48
19653,Electric,G-15,56
15598,Diesel,K-10,12
22536,Hybrid,H-17,74
19266,Electric,O-14,56
47469,Hybrid,O-10,22
49699,Hybrid,D-15,47
20255,Hybrid,A-11,98
42324,Diesel,C-15,59
42238,Hybrid,M-20,83
35046,Electric,B-14,61
42290,Diesel,P-15,25
22067,Hybrid,G-17,60
17244,Electric,O-10,94
26465,Hybrid,N-18,29
39187,Diesel,L-11,91
42115,Diesel,O-17,35
23019,Diesel,C-14,87
34108,Hybrid,C-17,14
33172,Diesel,O-20,28
25446,Hybrid,P-11,43
49600,Hybrid,F-18,93
10491,Diesel,B-18,99
38094,Hybrid,J-20,34
49546,Diesel,H-14,63
34188,Diesel,K-17,28
45420,Diesel,G-10,25
42204,Electric,A-10,78
43945,Electric,A-10,55
43661,Diesel,L-15,39
17333,Diesel,C-19,28
18740,Diesel,K-14,10
29908,Electric,F-14,65
45681,Electric,C-12,92
20396,Diesel,N-12,98
30988,Electric,O-15,30
39967,Electric,A-16,92
34943,Diesel,M-15,34
39741,Diesel,F-19,33
49669,Electric,D-18,93
13163,Diesel,N-17,17
34081,Hybrid,L-19,48
14327,Diesel,C-16,100
47844,Diesel,G-13,12
29384,Hybrid,F-12,50
22023,Electric,C-16,97
49283,Diesel,P-19,88
28903,Hybrid,J-16,96
47209,Diesel,E-14,55
46135,Electric,J-15,43
18780,Electric,K-15,60
41387,Diesel,J-20,95
32769,Hybrid,B-13,79
19379,Electric,K-13,59
35407,Hybrid,E-11,16
48625,Electric,O-14,51
34985,Hybrid,E-16,29
10476,Electric,G-11,13
13795,Diesel,K-11,36
14046,Hybrid,J-10,25
37831,Diesel,B-15,86
30928,Diesel,F-11,24
41343,Hybrid,N-11,37
36488,Electric,P-12,39
45710,Electric,G-17,61
24309,Electric,M-13,10
13145,Electric,O-13,47
19456,Diesel,P-14,47
36385,Diesel,M-17,80
32376,Hybrid,P-16,73
40781,Electric,H-18,87
42696,Electric,I-10,71
31213,Electric,C-11,87
44850,Electric,M-12,47
48573,Electric,C-11,90
38490,Diesel,F-18,68
21365,Hybrid,M-15,23
12349,Hybrid,P-17,82
27945,Electric,J-16,21
30079,Hybrid,K-13,44
10101,Diesel,D-13,44
38291,Hybrid,K-20,94
45885,Electric,C-19,76
25979,Electric,A-17,49
14945,Electric,D-19,62
17873,Hybrid,M-16,17
10986,Diesel,M-17,68
49289,Electric,N-16,28
48194,Hybrid,J-16,39
21883,Hybrid,J-11,10
23475,Electric,A-15,66
35641,Electric,B-15,71
45757,Electric,P-16,51
33809,Hybrid,E-20,56
13297,Electric,K-14,40
15854,Diesel,I-17,36
30351,Diesel,K-14,38
34623,Electric,O-18,73
48497,Diesel,M-16,18
30013,Diesel,E-17,54
37883,Electric,A-18,42
40124,Hybrid,E-20,67
17563,Hybrid,A-15,100
18477,Diesel,M-17,13
36718,Diesel,F-13,67
11374,Diesel,C-10,53
27003,Electric,B-17,58
44933,Electric,E-18,31
10163,Diesel,J-16,59
25719,Hybrid,L-11,16
42916,Electric,J-17,61
38000,Diesel,P-17,76
26918,Diesel,A-11,70
13451,Electric,A-17,48
21141,Electric,E-15,20
17562,Electric,B-17,76
39078,Electric,E-14,46
13048,Diesel,D-17,65
35943,Hybrid,E-15,23
21670,Diesel,I-14,98
42680,Diesel,E-19,23
13602,Electric,E-11,55
23389,Electric,A-12,60
18402,Hybrid,K-12,100
29636,Electric,H-13,89
33175,Hybrid,C-14,100
14558,Electric,I-11,74
23129,Diesel,B-12,90
38601,Diesel,J-15,26
40395,Hybrid,B-13,37
39502,Electric,H-20,88
13319,Diesel,H-16,21
42890,Electric,C-19,36
22949,Diesel,I-19,53
20643,Electric,G-16,80
23599,Electric,M-19,72
39779,Hybrid,J-20,13
48132,Electric,P-14,61
30035,Electric,G-15,54
33405,Hybrid,D-17,39
18104,Hybrid,L-17,68
26191,Electric,H-15,98
20942,Hybrid,A-16,67
43914,Hybrid,K-11,62
17397,Hybrid,P-17,96
23183,Hybrid,A-19,28
45289,Electric,N-13,85
48024,Diesel,A-17,38
33224,Hybrid,G-17,62
49026,Electric,G-13,84
17484,Diesel,L-12,73
35829,Hybrid,E-18,10
34528,Hybrid,I-11,11
40569,Hybrid,O-10,88
24750,Diesel,K-10,97
13808,Hybrid,D-12,54
48260,Diesel,N-10,40
20975,Electric,H-10,70
40913,Electric,C-10,30
35417,Hybrid,G-11,34
41424,Diesel,M-19,69
15786,Hybrid,A-16,45
19878,Diesel,G-13,32
20391,Electric,B-13,96
20636,Diesel,I-15,25
44228,Diesel,J-20,32
19568,Diesel,A-20,25
16429,Hybrid,B-11,15
32626,Hybrid,M-17,84
22875,Hybrid,M-20,33
45792,Hybrid,P-16,98
19095,Diesel,L-10,27
12559,Diesel,E-11,35
19537,Electric,K-13,45
45785,Hybrid,E-11,38
30585,Hybrid,A-15,86
27575,Hybrid,P-13,74
27516,Electric,M-14,38
45318,Electric,M-17,77
42706,Electric,D-17,54
29012,Diesel,C-17,88
28347,Hybrid,L-10,99
43352,Hybrid,I-17,45
40987,Electric,I-16,18
47803,Electric,J-16,52
46905,Electric,P-13,72
47608,Hybrid,D-12,98
16024,Hybrid,A-13,48
26911,Electric,B-19,70
36248,Electric,M-16,79
38777,Electric,D-12,93
48329,Electric,E-20,87
12435,Diesel,O-14,72
17452,Electric,J-20,73
18335,Hybrid,E-15,75
37340,Diesel,O-13,16
40313,Electric,J-11,82
14702,Diesel,J-19,26
14184,Electric,A-14,26
44515,Diesel,F-15,29
40593,Diesel,C-10,54
13692,Hybrid,C-10,91
29604,Hybrid,B-17,92
40123,Hybrid,E-16,79
29037,Hybrid,M-12,71
45536,Electric,H-20,68
18171,Electric,H-10,64
10375,Hybrid,K-20,76
36334,Hybrid,E-10,50
49416,Diesel,I-17,55
49201,Electric,E-16,76
37241,Electric,I-19,93
11304,Electric,D-17,22
34769,Electric,N-20,41
22565,Diesel,M-18,24
26769,Electric,C-13,38
47462,Diesel,I-18,86
10459,Electric,J-15,81
20501,Diesel,F-18,35
42932,Hybrid,A-14,77
38866,Hybrid,N-20,49
18774,Hybrid,K-20,72
49204,Electric,J-19,62
45872,Hybrid,M-20,95
19548,Diesel,J-20,97
34254,Electric,M-12,99
47862,Hybrid,A-17,44
11949,Hybrid,C-17,72
39057,Diesel,N-18,87
14540,Electric,H-14,33
26029,Hybrid,N-14,89
16349,Hybrid,K-12,27
19121,Electric,E-17,98
21924,Electric,H-13,25
22307,Hybrid,O-19,30
25971,Hybrid,A-19,72
30825,Hybrid,I-10,31
47387,Diesel,H-15,48
37294,Diesel,P-16,68
16372,Diesel,B-12,44
32751,Diesel,K-11,72
31179,Hybrid,A-13,64
27556,Diesel,K-18,33
45188,Diesel,K-19,46
20225,Diesel,J-19,22
26147,Hybrid,K-18,47
25625,Electric,I-20,84
43723,Diesel,I-17,61
33553,Diesel,A-12,57
49523,Hybrid,F-13,91
31020,Diesel,L-15,73
38227,Diesel,E-11,41
24101,Hybrid,K-11,33
21856,Electric,F-12,69
25585,Diesel,L-11,39
15125,Electric,G-10,30
12688,Hybrid,H-16,91
16476,Diesel,J-15,62
45002,Electric,G-11,11
42832,Diesel,H-13,23
27465,Electric,I-15,66
24664,Electric,M-11,84
21333,Diesel,P-16,51
41360,Hybrid,H-16,14
47219,Hybrid,P-17,90
15479,Electric,H-12,55
46566,Diesel,N-14,53
33579,Electric,B-12,10
43720,Diesel,N-17,58
35657,Hybrid,D-15,75
44251,Hybrid,L-10,57
16174,Hybrid,K-15,19
25937,Electric,B-11,55
25870,Electric,K-14,20
10522,Electric,E-15,73
22161,Electric,I-18,12
27463,Electric,E-19,27
24402,Hybrid,L-20,98
11362,Hybrid,J-11,38
44824,Diesel,E-12,66
33810,Electric,J-14,24
49707,Electric,F-20,60
37402,Electric,B-18,17
34380,Hybrid,C-13,30
37736,Diesel,C-14,67
27749,Electric,M-19,41
45305,Electric,E-14,30
38565,Diesel,G-15,34
18317,Electric,N-13,89
22292,Hybrid,H-19,65
17285,Electric,D-16,58
23912,Hybrid,L-18,62
32676,Hybrid,F-17,20
48640,Electric,A-11,28
20439,Diesel,E-18,47
13758,Electric,N-17,81
14105,Hybrid,B-17,76
33661,Hybrid,P-19,40
20939,Electric,K-14,19
47934,Electric,D-15,55
26595,Hybrid,F-16,34
29395,Hybrid,M-18,44
37223,Hybrid,F-19,57
15157,Hybrid,A-19,34
21108,Diesel,B-18,97
23833,Electric,G-18,86
13380,Hybrid,K-20,66
48099,Diesel,I-15,25
22463,Electric,F-11,66
37313,Diesel,J-12,67
25076,Diesel,L-15,37
29162,Diesel,H-14,45
18855,Diesel,G-10,49
37188,Diesel,C-19,85
24995,Hybrid,D-18,86
15920,Electric,E-11,56
10246,Diesel,L-13,51
36494,Hybrid,C-17,90
32141,Hybrid,F-11,14
39051,Hybrid,N-13,98
49299,Hybrid,F-15,16
14860,Electric,C-19,10
29352,Hybrid,F-18,35
34514,Hybrid,C-19,97
13791,Electric,P-13,99
32986,Diesel,O-10,39
17097,Electric,A-12,36
39462,Diesel,L-11,67
34050,Diesel,M-18,86
36236,Electric,O-18,23
41468,Hybrid,F-16,90
35456,Hybrid,K-15,32
36043,Diesel,G-12,48
18670,Hybrid,G-20,55
20278,Hybrid,B-19,21
44509,Hybrid,E-17,33
15424,Diesel,G-12,64
32047,Electric,M-20,81
19762,Diesel,O-16,56
32543,Diesel,J-10,40
35837,Hybrid,I-19,34
49513,Diesel,L-10,67
33381,Electric,B-19,50
38535,Hybrid,K-20,25
45015,Electric,O-16,58
49352,Hybrid,O-10,46
13236,Electric,H-12,82
30898,Electric,E-10,100
45092,Diesel,B-13,43
22706,Hybrid,H-20,46
11311,Diesel,N-10,29
15376,Diesel,E-19,39
40746,Hybrid,G-16,82
12522,Diesel,N-17,57
34960,Diesel,P-12,71
34894,Electric,G-12,75
32395,Diesel,N-11,64
48983,Electric,K-13,84
14490,Diesel,I-17,64
24304,Diesel,F-14,96
16021,Hybrid,J-19,37
43964,Electric,O-14,55
36031,Diesel,P-16,12
49312,Diesel,B-10,60
49425,Hybrid,N-18,66
17526,Diesel,I-19,56
46145,Diesel,N-13,78
38097,Diesel,H-15,89
25584,Diesel,A-14,63
16509,Diesel,E-13,73
39475,Diesel,J-20,78
44277,Diesel,F-16,62
18495,Electric,B-19,11
10165,Diesel,G-16,67
31659,Diesel,J-10,71
23192,Diesel,F-18,82
44443,Hybrid,G-16,64
36323,Diesel,E-12,77
32108,Electric,K-14,61
18512,Diesel,A-15,60
43148,Diesel,P-13,82
13586,Diesel,H-19,52
33243,Hybrid,O-11,20
48224,Electric,M-14,91
11809,Hybrid,K-17,23
16299,Hybrid,N-13,48
11527,Hybrid,F-18,36
48242,Diesel,B-11,12
21878,Diesel,A-10,36
38171,Hybrid,A-10,88
10160,Hybrid,H-16,25
47198,Hybrid,H-10,27
15656,Diesel,E-15,26
44943,Diesel,G-14,95
44143,Diesel,M-14,21
16936,Hybrid,P-19,55
27631,Electric,F-11,14
25974,Hybrid,I-11,33
28630,Diesel,B-12,88
37913,Diesel,C-19,66
28341,Diesel,G-18,100
36777,Electric,C-19,99
25360,Diesel,I-20,20
46957,Electric,H-12,10
36985,Electric,G-18,18
12901,Electric,M-15,44
37917,Electric,B-11,39
31588,Electric,D-19,63
16036,Hybrid,L-20,64
16266,Diesel,H-13,73
45825,Electric,A-12,61
21061,Electric,M-17,94
26263,Hybrid,B-18,90
14231,Hybrid,D-14,33
31481,Diesel,P-12,66
23584,Diesel,I-17,91
27438,Hybrid,C-17,77
48519,Electric,K-16,28
13646,Diesel,A-15,80
13518,Diesel,L-16,42
25485,Diesel,C-16,23
45113,Electric,H-14,14
21249,Diesel,D-19,43
32473,Diesel,O-10,82
13042,Hybrid,O-20,51
39573,Electric,B-18,67
44851,Diesel,K-17,27
30132,Electric,B-19,90
30296,Hybrid,E-20,56
42139,Diesel,F-13,65
22974,Electric,L-16,92
17084,Electric,H-11,47
23162,Diesel,D-19,22
20965,Electric,H-15,11
17671,Diesel,B-11,33
43830,Diesel,I-15,69
29190,Hybrid,B-17,50
34828,Hybrid,O-12,90
49372,Hybrid,L-18,53
22927,Hybrid,D-19,91
22633,Hybrid,I-19,95
27634,Diesel,O-20,93
44208,Hybrid,I-11,36
44535,Diesel,J-11,85
19464,Electric,J-10,16
24943,Diesel,I-10,41
20687,Hybrid,M-11,30
14433,Hybrid,H-10,16
28947,Hybrid,O-16,75
19055,Diesel,C-12,75
29277,Electric,N-16,75
46006,Diesel,C-17,14
48482,Electric,B-16,68
29153,Electric,N-11,41
40797,Electric,G-20,93
35580,Hybrid,I-19,81
16366,Electric,I-10,25
45755,Diesel,G-14,31
29588,Diesel,K-10,58
16999,Diesel,M-15,66
48609,Electric,N-10,77
10908,Electric,P-16,79
16459,Electric,M-11,70
38259,Hybrid,L-10,99
37568,Diesel,I-19,53
35288,Hybrid,I-16,28
14640,Hybrid,J-14,25
38686,Electric,N-16,44
10800,Hybrid,J-17,100
47764,Electric,B-14,41
29465,Electric,O-15,52
25918,Hybrid,A-18,52
17421,Diesel,H-18,71
49336,Hybrid,H-15,22
27317,Hybrid,L-10,50
43911,Diesel,K-17,63
24693,Electric,G-10,56
37610,Electric,P-16,24
20928,Diesel,I-15,69
33736,Diesel,G-18,74
35154,Electric,A-13,63
41390,Electric,D-16,46
22390,Electric,J-16,69
43088,Hybrid,A-11,14
11099,Diesel,C-14,27
35813,Hybrid,K-17,34
32067,Diesel,C-13,41
42466,Diesel,E-11,52
47351,Diesel,N-16,95
42431,Hybrid,J-12,68
32788,Hybrid,N-11,22
13642,Diesel,L-18,40
49870,Diesel,E-11,73
36659,Hybrid,D-20,26
15535,Electric,E-14,92
20020,Hybrid,M-19,49
18165,Diesel,J-14,74
44189,Diesel,C-10,21
11936,Hybrid,P-12,53
33082,Diesel,O-18,32
32554,Hybrid,O-19,33
43308,Electric,E-17,42
28691,Diesel,J-19,47
21089,Hybrid,G-17,99
44896,Hybrid,I-13,27
12913,Hybrid,C-10,74
14260,Diesel,I-12,48
12826,Hybrid,L-20,32
28671,Electric,N-16,20
15831,Diesel,K-13,64
33205,Electric,N-13,88
39774,Electric,B-15,35
43322,Electric,A-19,87
27544,Diesel,K-11,82
21697,Hybrid,J-20,61
16744,Electric,G-12,45
22938,Diesel,I-19,71
18344,Diesel,O-19,91
40974,Diesel,L-15,75
32722,Hybrid,L-16,75
39612,Hybrid,G-20,28
28989,Electric,D-17,72
25296,Diesel,P-14,21
17723,Hybrid,H-12,93
47479,Hybrid,G-10,23
34171,Hybrid,E-11,40
44110,Electric,A-13,57
21113,Hybrid,K-14,41
42104,Diesel,J-11,39
34650,Hybrid,K-18,60
38534,Hybrid,G-12,36
38397,Hybrid,L-20,71
31655,Hybrid,B-11,52
16791,Diesel,I-11,60
27638,Hybrid,E-17,30
47530,Diesel,H-19,92
27939,Electric,L-16,44
16187,Hybrid,N-11,27
36058,Hybrid,O-13,83
28845,Electric,I-13,67
25539,Hybrid,H-11,67
46220,Hybrid,N-16,85
28136,Hybrid,P-19,61
16374,Hybrid,P-12,99
15115,Hybrid,K-12,84
30586,Diesel,F-12,98
34046,Electric,P-19,50
31751,Diesel,P-14,26
10074,Electric,B-14,72
21191,Hybrid,H-10,24
46422,Hybrid,F-19,43
21204,Electric,E-16,68
19603,Electric,L-14,88
25432,Electric,E-20,29
38371,Electric,I-20,85
37455,Hybrid,A-20,91
22212,Electric,P-10,27
22184,Diesel,P-10,11
23966,Diesel,L-16,33
29244,Electric,J-15,65
22373,Hybrid,H-16,80
30741,Diesel,H-11,45
32622,Hybrid,I-16,20
23561,Electric,G-17,98
38543,Electric,G-14,87
39652,Electric,A-20,83
35002,Diesel,L-18,78
27997,Diesel,K-13,46
21144,Electric,L-11,96
45490,Diesel,F-11,40
25169,Diesel,M-16,72
35463,Hybrid,P-11,75
44663,Diesel,C-11,42
39227,Diesel,J-11,89
43767,Hybrid,L-16,70
42661,Hybrid,B-19,18
32588,Hybrid,O-12,56
47366,Hybrid,A-12,44
17222,Diesel,J-11,40
38675,Diesel,G-13,90
40564,Diesel,C-19,47
26478,Electric,D-19,63
21977,Diesel,C-16,81
11000,Hybrid,E-11,19
45507,Hybrid,H-16,35
25375,Electric,H-17,52
46714,Diesel,A-20,50
21125,Diesel,D-14,70
43147,Electric,O-12,86
25578,Diesel,N-13,57
47282,Hybrid,O-14,61
21717,Hybrid,M-18,64
33786,Hybrid,C-13,87
12620,Hybrid,J-13,24
26799,Hybrid,L-20,95
21090,Diesel,M-13,90
30626,Electric,N-19,52
19427,Diesel,C-11,93
39944,Electric,L-15,61
45499,Hybrid,E-10,20
17581,Diesel,L-11,91
43791,Hybrid,L-16,56
26129,Hybrid,H-12,70
23566,Electric,M-15,66
28032,Diesel,D-16,83
48060,Electric,O-14,57
16490,Hybrid,H-11,71
44016,Diesel,M-11,29
41779,Diesel,J-18,61
22259,Hybrid,G-10,39
45146,Hybrid,H-11,16
30545,Electric,F-19,71
22851,Electric,H-16,69
11758,Electric,D-18,89
39063,Electric,J-14,93
24030,Hybrid,E-18,91
11819,Hybrid,D-14,43
41500,Electric,A-17,58
16920,Hybrid,D-16,20
32624,Diesel,M-16,74
49121,Electric,F-20,89
16482,Electric,A-13,11
32599,Hybrid,K-14,36
20830,Electric,D-12,56
30416,Electric,L-17,88
41878,Electric,O-15,10
28187,Diesel,B-14,68
21801,Diesel,N-12,34
13911,Hybrid,M-20,64
10466,Hybrid,P-18,99
36368,Hybrid,H-10,33
11412,Diesel,F-11,14
26371,Hybrid,B-12,88
44461,Hybrid,I-18,27
18231,Diesel,O-15,67
24174,Hybrid,M-11,36
43145,Diesel,N-18,23
33183,Electric,A-12,32
26804,Hybrid,G-11,80
18340,Hybrid,I-12,76
40280,Electric,F-20,77
35898,Electric,D-13,10
41860,Diesel,P-17,30
29834,Diesel,C-20,51
14258,Hybrid,A-10,19
32132,Electric,K-20,10
19025,Electric,G-15,70
38048,Electric,I-18,42
45981,Hybrid,M-17,22
15398,Hybrid,H-16,45
10129,Hybrid,L-11,12
42116,Hybrid,N-11,84
34313,Electric,I-18,78
49237,Diesel,B-14,39
18830,Electric,M-12,81
30457,Diesel,C-15,30
31006,Electric,H-14,56
16431,Diesel,D-13,82
38015,Electric,N-15,88
28138,Diesel,B-18,92
47806,Electric,K-10,52
20823,Hybrid,D-20,32
48551,Hybrid,D-10,69
35057,Diesel,H-10,81
24942,Electric,G-11,86
46652,Diesel,A-11,56
14385,Electric,B-19,47
12116,Electric,B-13,29
17458,Diesel,B-15,91
29629,Hybrid,N-14,65
12511,Electric,I-13,74
14322,Hybrid,B-16,26
33870,Diesel,B-10,43
42797,Hybrid,J-17,65
14390,Hybrid,N-17,38
13998,Diesel,G-16,51
23027,Hybrid,M-14,94
44960,Diesel,L-14,42
46941,Diesel,K-11,47
26975,Diesel,M-11,10
15011,Diesel,M-10,28
10445,Diesel,H-13,32
24145,Diesel,A-20,31
42787,Hybrid,D-12,44
16280,Electric,M-20,68
37616,Diesel,P-18,64
11256,Electric,P-12,51
37630,Electric,M-11,30
39976,Diesel,M-19,87
21340,Diesel,E-15,45
48070,Hybrid,N-16,74
14402,Diesel,K-17,14
19812,Diesel,G-15,14
16583,Electric,E-13,84
28482,Electric,H-12,19
45477,Hybrid,G-16,59
17558,Diesel,C-16,47
33200,Electric,N-17,56
43218,Diesel,F-14,47
37869,Diesel,E-20,80
23897,Diesel,J-15,84
12471,Hybrid,I-20,87
34720,Hybrid,E-19,36
11621,Diesel,O-11,70
10452,Hybrid,F-11,63
14616,Hybrid,I-14,19
16344,Hybrid,B-14,88
49105,Diesel,B-10,33
26873,Diesel,C-18,83
19593,Electric,F-12,75
35920,Diesel,B-15,64
46405,Diesel,J-16,43
11717,Diesel,A-15,41
38594,Diesel,O-18,75
38117,Hybrid,F-16,16
24269,Diesel,J-16,42
25859,Diesel,F-13,15
16153,Electric,E-15,28
23528,Diesel,A-16,63
41810,Diesel,M-14,89
39480,Electric,B-20,16
35895,Hybrid,H-20,21
49160,Electric,F-14,87
25327,Electric,C-14,36
40043,Diesel,O-10,95
43323,Hybrid,I-17,90
40240,Hybrid,N-10,31
45606,Hybrid,A-16,11
31794,Hybrid,N-20,50
39145,Hybrid,F-14,92
39044,Electric,P-17,18
12089,Electric,K-13,31
31574,Diesel,E-12,57
10034,Hybrid,F-13,48
45838,Diesel,P-19,64
18156,Diesel,C-10,26
30661,Electric,I-11,91
32406,Hybrid,N-11,97
39412,Electric,B-17,75
42075,Electric,E-18,24
47123,Electric,J-11,16
39844,Hybrid,I-12,90
37709,Electric,E-17,26
41947,Hybrid,M-16,36
25662,Electric,M-16,49
33548,Electric,B-15,93
21882,Diesel,K-20,99
23574,Diesel,E-15,97
41656,Hybrid,A-15,64
33919,Diesel,D-20,80
19101,Electric,H-19,66
32110,Electric,B-18,67
19260,Hybrid,D-14,83
45444,Hybrid,F-12,62
34028,Electric,H-13,75
17888,Electric,A-18,82
24153,Diesel,F-17,18
39432,Hybrid,H-13,86
48550,Hybrid,A-10,34
39715,Electric,K-10,89
34718,Diesel,D-19,34
47535,Electric,D-13,55
18828,Electric,L-13,12
25531,Diesel,I-15,35
28289,Electric,H-20,95
23907,Diesel,K-14,28
18878,Electric,D-15,70
33802,Diesel,A-12,79
35213,Diesel,A-12,24
22714,Electric,J-16,90
26686,Diesel,M-16,12
10634,Hybrid,I-19,10
32099,Diesel,N-15,95
24914,Hybrid,D-18,19
31656,Electric,K-15,48
26548,Hybrid,O-20,26
17818,Diesel,H-11,50
31916,Hybrid,H-18,64
23612,Hybrid,E-17,89
11003,Diesel,P-19,30
11935,Electric,L-20,77
22514,Electric,G-15,70
46377,Diesel,O-10,89
43894,Diesel,J-11,27
49262,Diesel,D-13,15
33092,Hybrid,L-10,88
35635,Hybrid,K-12,43
28983,Hybrid,O-13,21
14727,Electric,I-14,12
30894,Diesel,B-18,91
41724,Electric,B-20,28
23074,Hybrid,L-11,33
42079,Hybrid,G-10,37
36328,Hybrid,G-13,78
23830,Hybrid,M-15,67
26028,Hybrid,D-13,82
28023,Electric,D-11,97
31719,Hybrid,C-12,72
10882,Electric,P-15,12
27671,Hybrid,P-11,78
16570,Electric,N-16,78
44922,Diesel,C-12,50
13022,Electric,J-17,92
43496,Hybrid,I-17,81
19585,Hybrid,B-15,82
45000,Diesel,F-16,85
15879,Electric,A-15,18
40909,Hybrid,J-11,67
28689,Hybrid,H-16,38
10897,Diesel,O-11,48
18493,Hybrid,C-10,96
27293,Diesel,H-13,18
38879,Diesel,E-12,89
17779,Hybrid,O-13,94
37669,Hybrid,G-20,45
46300,Hybrid,A-14,80
12306,Electric,F-20,66
21853,Diesel,B-14,19
43010,Hybrid,G-20,25
11162,Diesel,N-17,96
46214,Diesel,G-14,11
23598,Diesel,M-19,46
35679,Electric,I-11,10
10556,Hybrid,F-20,63
41125,Hybrid,D-16,55
27011,Electric,F-16,90
32018,Diesel,O-18,96
31569,Hybrid,A-17,35
35284,Diesel,L-17,98
44653,Hybrid,H-12,54
25008,Electric,O-16,92
27782,Hybrid,I-12,35
16618,Electric,I-11,12
36321,Hybrid,D-19,95
34689,Hybrid,H-11,53
42081,Hybrid,N-11,65
38139,Diesel,M-11,90
32680,Hybrid,G-10,13
19985,Diesel,E-11,47
24950,Diesel,I-16,26
37932,Diesel,E-16,52
32086,Diesel,F-20,80
31362,Hybrid,F-20,79
31208,Hybrid,I-11,13
49572,Diesel,C-15,72
48268,Diesel,M-20,28
36765,Hybrid,E-10,73
46945,Hybrid,L-12,80
35137,Diesel,E-11,50
13516,Hybrid,G-19,88
19610,Electric,N-19,79
35864,Electric,F-13,31
27762,Diesel,J-19,43
25060,Electric,E-11,49
34482,Diesel,L-17,99
28003,Diesel,J-12,94
25808,Electric,N-20,68
13111,Hybrid,N-15,12
41740,Hybrid,O-13,27
25497,Hybrid,M-14,33
25021,Electric,D-13,49
30426,Hybrid,M-10,48
30173,Diesel,B-14,96
25657,Hybrid,G-14,38
27049,Diesel,G-16,86
22774,Electric,D-18,65
39551,Diesel,E-15,16
26425,Electric,A-14,71
24146,Hybrid,B-18,19
48263,Diesel,J-15,96
27742,Hybrid,O-18,85
10149,Hybrid,H-14,37
30590,Hybrid,A-13,15
11897,Hybrid,I-15,86
10024,Hybrid,B-17,21
24242,Diesel,C-10,67
35393,Electric,M-11,19
42244,Hybrid,L-16,59
48328,Diesel,M-18,84
22438,Diesel,O-15,16
19514,Diesel,D-13,80
26464,Hybrid,F-17,46
10451,Diesel,A-13,80
28231,Diesel,P-10,89
17235,Diesel,P-18,19
45684,Electric,P-11,25
37143,Electric,H-15,91
22641,Diesel,N-19,70
26530,Diesel,P-17,100
14090,Electric,P-19,97
14233,Diesel,N-15,25
33657,Electric,J-14,67
24728,Electric,H-10,15
37173,Electric,J-10,58
42394,Hybrid,B-11,79
14585,Diesel,O-11,83
32020,Electric,O-15,93
42452,Diesel,P-19,36
24736,Hybrid,I-13,77
47324,Hybrid,D-15,98
16351,Diesel,B-17,10
28916,Electric,P-16,58
20810,Hybrid,N-17,10
40081,Electric,E-17,85
20640,Hybrid,I-14,40
27895,Electric,J-12,48
41543,Electric,F-15,88
37422,Electric,K-18,27
29626,Diesel,K-15,92
16859,Hybrid,A-13,31
24754,Hybrid,P-20,73
28373,Hybrid,L-10,65
35338,Electric,A-18,44
18284,Electric,A-13,63
37229,Electric,O-13,52
22436,Electric,A-10,80
26486,Electric,F-16,19
44942,Electric,M-15,68
33998,Electric,E-12,39
46170,Diesel,G-19,18
31718,Electric,D-20,68
42042,Hybrid,N-10,21
10284,Electric,I-11,76
13956,Diesel,A-13,73
14907,Diesel,C-10,30
15209,Electric,F-12,62
23428,Electric,F-11,28
12398,Electric,B-11,80
46598,Diesel,B-14,88
15285,Hybrid,A-13,85
14876,Hybrid,G-16,72
24615,Hybrid,C-10,75
22675,Electric,G-11,27
14115,Hybrid,G-19,51
41958,Diesel,F-10,52
20213,Electric,F-18,37
11804,Diesel,F-20,55
35708,Hybrid,D-18,52
37290,Electric,O-14,83
39473,Hybrid,K-11,41
47984,Diesel,N-13,84
25110,Hybrid,J-11,91
22817,Diesel,D-10,54
37480,Diesel,E-16,26
15789,Diesel,H-15,45
30935,Hybrid,J-12,58
29220,Diesel,O-15,85
23900,Hybrid,J-13,14
32992,Hybrid,P-17,13
11026,Electric,A-12,64
43440,Diesel,M-11,53
46152,Hybrid,A-15,91
22196,Hybrid,B-13,72
33123,Electric,K-15,16
28237,Hybrid,J-18,43
17780,Diesel,N-10,10
47073,Diesel,H-17,58
38269,Diesel,J-19,54
34532,Electric,E-11,57
28637,Electric,J-20,21
23720,Electric,C-18,49
16150,Electric,J-18,57
16454,Hybrid,G-12,29
12283,Hybrid,L-17,33
32772,Diesel,A-19,58
46533,Diesel,D-16,13
10717,Hybrid,O-17,39
45254,Electric,A-13,82
34117,Electric,H-14,34
16296,Electric,I-15,75
48407,Hybrid,F-12,25
40069,Hybrid,O-12,95
39093,Diesel,P-17,13
30598,Electric,H-14,50
19155,Diesel,N-12,82
41328,Diesel,P-13,40
14857,Diesel,P-12,78
33958,Hybrid,G-11,49
43072,Electric,L-10,38
20905,Diesel,E-12,46
15988,Hybrid,B-13,95
16867,Electric,P-18,52
11171,Hybrid,G-14,40
23879,Electric,E-15,45
35959,Hybrid,K-16,59
33392,Hybrid,H-14,16
38613,Hybrid,F-12,59
32023,Electric,J-15,42
44540,Diesel,P-14,42
15073,Diesel,B-16,100
43525,Hybrid,K-12,80
